Fecha,Temp_Max_Real,Humidity_Real,Wind_Speed_Real,Pressure_Real
2023-05-09,18.0,81.01291666666667,20.372,1010.7809751666667
2023-05-10,19.0,74.05187500000001,22.224,1012.4177303333335
2023-05-11,18.0,71.20166666666667,20.372,1015.9381649375
2023-05-12,13.0,84.57541666666667,24.076,1022.5416254375
2023-05-13,13.0,83.51875,16.668,1026.2031596250001
2023-05-14,20.0,72.183125,14.816,1020.5097914375001
2023-05-15,16.0,62.991875,24.076,1020.0864926875
2023-05-16,17.0,61.43875,18.52,1024.9967581875
2023-05-17,18.0,70.18229166666667,22.224,1028.4678079375
2023-05-18,18.0,66.13125000000001,18.52,1028.5524676875
2023-05-19,18.0,69.33437500000001,20.372,1027.4942208125
2023-05-20,18.0,70.81,22.224,1026.07617
2023-05-21,18.0,62.92041666666666,24.076,1021.546873375
2023-05-22,19.0,61.34729166666667,20.372,1021.3140590625
2023-05-23,18.0,66.22354166666666,16.668,1026.6899531875
2023-05-24,20.0,61.766875,18.52,1025.864520625
2023-05-25,17.0,68.95625,24.076,1029.6742093750001
2023-05-26,18.0,65.49020833333334,27.78,1031.5155589375
2023-05-27,19.0,70.01916666666666,22.224,1026.753448
2023-05-28,21.0,58.58291666666667,31.484,1023.7268619375001
2023-05-29,17.0,61.62375,31.484,1027.9810143749999
2023-05-30,15.0,70.004375,25.928,1029.8223639375
2023-05-31,18.0,76.78875000000001,24.076,1027.2825714375
2023-06-01,18.0,70.21083333333333,24.076,1025.7163660625
2023-06-02,17.0,61.05520833333333,24.076,1024.721614
2023-06-03,21.0,68.58627906976744,25.928,1023.6899463488372
2023-06-04,21.0,64.67395833333333,25.928,1024.0655009375
2023-06-05,17.0,68.16270833333333,20.372,1024.6581191875
2023-06-06,16.0,68.18270833333334,24.076,1023.8115216875
2023-06-07,20.0,70.94520833333333,25.928,1022.2664812500001
2023-06-08,21.0,67.29416666666667,27.78,1018.8800912500001
2023-06-09,24.0,69.32958333333333,29.632,1014.3296296875001
2023-06-10,29.0,60.535,31.484,1013.419537375
2023-06-11,31.0,58.29909090909091,25.928,1013.7004538181819
2023-06-12,28.0,66.05354166666667,24.076,1014.3719595624999
2023-06-13,27.0,49.98229166666667,35.188,1014.4354543750001
2023-06-14,27.0,54.561914893617015,25.928,1017.6246051702128
2023-06-15,27.0,56.0625,25.928,1020.276977125
2023-06-16,27.0,51.21541666666667,25.928,1019.4727095
2023-06-17,24.0,60.34645833333334,20.372,1014.3296296875001
2023-06-18,27.0,77.54916666666666,20.372,1009.1936048541667
2023-06-19,25.0,65.55125,22.224,1010.4423361666667
2023-06-20,24.0,72.5525,24.076,1008.5092718750001
2023-06-21,26.0,62.513958333333335,20.372,1015.705350625
2023-06-22,28.0,59.265625,24.076,1018.668441875
2023-06-23,28.0,55.16520833333333,22.224,1023.1977385
2023-06-24,27.0,61.759166666666665,18.52,1022.77443975
2023-06-25,30.0,53.004999999999995,33.336,1014.562444
2023-06-26,23.0,52.260625000000005,25.928,1019.2822250625001
2023-06-27,24.0,57.25354166666667,22.224,1020.784935625
2023-06-28,25.0,70.89291666666666,18.52,1016.9117520625
2023-06-29,22.0,70.63458333333334,16.668,1015.790010375
2023-06-30,20.0,67.71458333333334,25.928,1011.8603869791667
2023-07-01,22.0,64.745,29.632,1006.01180925
2023-07-02,21.0,50.009791666666665,33.336,1011.2324938333335
2023-07-03,22.0,55.82479166666667,40.744,1010.5975457083333
2023-07-04,19.0,72.645,25.928,1009.9908175
2023-07-05,21.0,67.49166666666666,25.928,1010.8303600208334
2023-07-06,22.0,56.16416666666667,20.372,1016.128649375
2023-07-07,29.0,52.020833333333336,22.224,1015.578361
2023-07-08,26.0,67.29458333333334,16.668,1015.0069076875001
2023-07-09,23.0,65.54,22.224,1019.007080875
2023-07-10,24.0,62.16916666666666,27.78,1019.1129055625
2023-07-11,24.0,63.85583333333333,25.928,1010.2377417708334
2023-07-12,23.0,66.96145833333334,25.928,1011.4088683125001
2023-07-13,22.0,68.466875,25.928,1015.9381649375
2023-07-14,20.0,81.11479166666668,20.372,1008.7279762291668
2023-07-15,22.0,68.68354166666667,38.892,1001.2073684375
2023-07-16,22.0,59.86770833333333,29.632,1009.525188875
2023-07-17,23.0,66.814375,24.076,1017.5467001875
2023-07-18,23.0,60.50145833333334,22.224,1017.86417425
2023-07-19,23.0,64.18604166666667,22.224,1014.858753125
2023-07-20,23.0,56.193125,14.816,1015.0492375625
2023-07-21,20.0,57.3825,20.372,1013.9909906875
2023-07-22,19.0,77.58291666666666,25.928,1010.6539855416668
2023-07-23,24.0,71.32708333333333,25.928,1003.13337775
2023-07-24,17.0,81.16541666666667,16.668,1005.6943351875001
2023-07-25,20.0,61.761875,24.076,1010.5269959166667
2023-07-26,23.0,64.16041666666666,20.372,1011.7616172708334
2023-07-27,22.0,81.69104166666666,25.928,1003.5778414375
2023-07-28,23.0,72.501875,22.224,1006.01180925
2023-07-29,24.0,65.175625,31.484,1006.4562729375001
2023-07-30,21.0,73.94791666666667,29.632,1010.3858963333333
2023-07-31,21.0,76.74895833333333,27.78,1004.4244389375
2023-08-01,23.0,68.70020833333334,29.632,1001.2073684375
2023-08-02,20.0,82.49833333333333,31.484,988.6424505416667
2023-08-03,21.0,68.22500000000001,22.224,1004.5725935
2023-08-04,21.0,70.779375,22.224,1016.6154429375
2023-08-05,18.0,81.93458333333334,27.78,1008.1565229166667
2023-08-06,20.0,66.25446808510638,27.78,1016.0683067872341
2023-08-07,22.0,60.76625000000001,25.928,1019.0282458125001
2023-08-08,18.0,82.083125,22.224,1015.0069076875001
2023-08-09,24.0,66.14625,16.668,1017.86417425
2023-08-10,26.0,64.36958333333332,16.668,1019.21873025
2023-08-11,25.0,70.72395833333333,22.224,1017.3773806875
2023-08-12,22.0,68.26083333333334,29.632,1014.4777842499999
2023-08-13,24.0,66.77354166666667,25.928,1013.673516625
2023-08-14,23.0,76.78333333333333,25.928,1011.1407791041667
2023-08-15,24.0,67.76333333333334,20.372,1015.7476805
2023-08-16,26.0,66.10604166666667,24.076,1020.276977125
2023-08-17,23.0,75.40666666666667,27.78,1020.0018329374999
2023-08-18,23.0,82.71770833333333,29.632,1013.8075612291667
2023-08-19,25.0,70.39854166666667,25.928,1013.8922209791667
2023-08-20,26.0,65.76604166666667,22.224,1021.716192875
2023-08-21,25.0,70.49166666666666,18.52,1023.1977385
2023-08-22,26.0,65.72479166666666,22.224,1020.40396675
2023-08-23,27.0,59.01770833333333,16.668,1019.4727095
2023-08-24,25.0,75.52708333333334,18.52,1012.0720363541667
2023-08-25,22.0,57.05291666666667,22.224,1009.7086183333332
2023-08-26,20.0,76.05895833333334,20.372,1008.7420861874999
2023-08-27,20.0,70.20916666666666,24.076,1010.5904907291666
2023-08-28,21.0,66.286875,20.372,1014.2449699375001
2023-08-29,21.0,64.538125,22.224,1011.93799175
2023-08-30,21.0,63.26416666666666,27.78,1008.5516017499999
2023-08-31,18.0,75.98166666666667,14.816,1010.0049274583333
2023-09-01,22.0,85.97854166666667,12.964,1010.7598102291666
2023-09-02,23.0,79.073125,22.224,1020.6367810625001
2023-09-03,26.0,77.6275,22.224,1026.9439324375
2023-09-04,28.0,73.72854166666666,27.78,1023.1342436875001
2023-09-05,29.0,69.32333333333334,24.076,1017.6313599375
2023-09-06,30.0,68.55479166666667,14.816,1018.5837821250001
2023-09-07,31.0,70.449375,18.52,1017.0810715624999
2023-09-08,30.0,66.14083333333333,11.112,1016.1498143125
2023-09-09,32.0,59.392083333333325,22.224,1015.6630207500001
2023-09-10,32.0,68.66562499999999,22.224,1014.774093375
2023-09-11,26.0,68.98708333333333,22.224,1013.0597334375001
2023-09-12,23.0,76.44833333333334,18.52,1013.588856875
2023-09-13,20.0,73.1975,20.372,1021.0177499375001
2023-09-14,24.0,67.605625,14.816,1020.7214408125001
2023-09-15,25.0,72.67145833333333,20.372,1014.81642325
2023-09-16,27.0,70.33312500000001,27.78,1013.1655581250001
2023-09-17,20.0,85.39479166666666,27.78,1010.6892604374999
2023-09-18,20.0,74.989375,40.744,1002.329110125
2023-09-19,20.0,76.87916666666666,35.188,1006.01180925
2023-09-20,21.0,78.55854166666667,37.04,999.0485448125
2023-09-21,17.0,80.39375,20.372,995.7891444375
2023-09-22,18.0,76.00375,27.78,1001.397852875
2023-09-23,18.0,67.01354166666667,20.372,1015.5007562291667
2023-09-24,20.0,70.55958333333334,27.78,1018.1604833750001
2023-09-25,22.0,68.96979166666667,22.224,1018.7954315000001
2023-09-26,23.0,74.55833333333334,24.076,1017.2503910625001
2023-09-27,22.0,77.82875,27.78,1014.1179803125
2023-09-28,20.0,67.90895833333333,25.928,1013.0879533541666
2023-09-29,20.0,69.44,25.928,1017.8359543333335
2023-09-30,20.0,70.22458333333333,22.224,1024.6157893125
2023-10-01,23.0,78.53208333333333,22.224,1020.40396675
2023-10-02,20.0,88.17395833333335,20.372,1015.9452199166667
2023-10-03,19.0,72.18229166666667,31.484,1018.3580227916667
2023-10-04,18.0,71.04583333333333,27.78,1025.9915102500001
2023-10-05,19.0,68.81395833333333,22.224,1024.340645125
2023-10-06,21.0,72.56083333333333,25.928,1023.1130787500001
2023-10-07,24.0,67.53604166666666,24.076,1022.8379345625
2023-10-08,25.0,66.06770833333333,18.52,1024.002006125
2023-10-09,25.0,68.686875,18.52,1021.3563889375
2023-10-10,25.0,71.55291666666666,24.076,1016.805927375
2023-10-11,20.0,80.01979166666666,24.076,1012.5376649791666
2023-10-12,17.0,92.44312500000001,14.816,1011.5358579375
2023-10-13,21.0,82.34854166666666,33.336,1002.032801
2023-10-14,13.0,70.80208333333333,22.224,1016.6718827708333
2023-10-15,11.0,65.73333333333333,16.668,1025.6740361875
2023-10-16,12.0,76.58562500000001,16.668,1021.9913370625
2023-10-17,15.0,65.735,40.744,1014.4707292708334
2023-10-18,17.0,82.44479166666666,38.892,995.8526392499999
2023-10-19,19.0,84.86583333333333,22.224,984.33891325
2023-10-20,18.0,87.02375,31.484,976.7830305625001
2023-10-21,16.0,87.07645833333333,22.224,984.7551570208334
2023-10-22,16.0,75.63333333333334,14.816,1005.1228818750001
2023-10-23,15.0,88.42895833333334,20.372,1007.9378185625001
2023-10-24,15.0,83.87895833333333,20.372,1001.2285333750001
2023-10-25,14.0,86.50354166666666,14.816,996.0642886250001
2023-10-26,16.0,86.403125,16.668,991.238682875
2023-10-27,15.0,84.03833333333334,18.52,990.3920853750001
2023-10-28,15.0,86.31083333333333,22.224,988.106272125
2023-10-29,13.0,84.6454,20.372,988.7378338600001
2023-10-30,15.0,82.51375,14.816,995.5774950625
2023-10-31,15.0,86.17312500000001,20.372,1000.42426575
2023-11-01,14.0,81.105,29.632,990.6390096458334
2023-11-02,12.0,85.78666666666668,38.892,966.5321458333334
2023-11-03,14.0,78.3425,25.928,982.0319350625
2023-11-04,13.0,86.82520833333332,29.632,970.3982744166668
2023-11-05,14.0,78.49916666666667,29.632,981.2276674375001
2023-11-06,13.0,74.94854166666667,29.632,998.8792253125001
2023-11-07,13.0,78.59291666666667,24.076,1008.4951619166667
2023-11-08,14.0,82.99125,29.632,1004.7983528333334
2023-11-09,11.0,78.35041666666667,22.224,996.9955458750001
2023-11-10,10.0,79.565625,22.224,996.6780718125001
2023-11-11,11.0,83.71354166666667,18.52,1006.9219015625
2023-11-12,10.0,92.20937500000001,14.816,1004.1916246249999
2023-11-13,16.0,76.48166666666667,38.892,998.7522356875
2023-11-14,13.0,82.87957446808511,27.78,1004.7779384255319
2023-11-15,12.0,78.108125,31.484,1015.9804948125001
2023-11-16,8.0,87.53895833333333,18.52,1013.9909906875
2023-11-17,11.0,83.17729166666666,16.668,1019.8960082499999
2023-11-18,15.0,86.500625,27.78,1011.1125591875001
2023-11-19,15.0,75.630625,31.484,1007.831993875
2023-11-20,12.0,81.51,24.076,1009.6451235208333
2023-11-21,11.0,84.57854166666667,20.372,1023.0919138125
2023-11-22,11.0,84.65708333333333,20.372,1029.7306492083333
2023-11-23,14.0,81.30541666666667,29.632,1024.3618100625001
2023-11-24,11.0,60.12145833333333,29.632,1021.3140590625
2023-11-25,6.0,70.46,20.372,1021.2928941250001
2023-11-26,9.0,88.79270833333334,12.964,1014.7882033333334
2023-11-27,10.0,88.62208333333332,22.224,1000.1702865000001
2023-11-28,7.0,82.073125,16.668,1009.186549875
2023-11-29,5.0,78.80729166666667,11.112,1004.99589225
2023-11-30,5.0,84.24666666666667,14.816,1003.260367375
2023-12-01,4.0,88.49916666666667,12.964,1008.5657117083333
2023-12-02,1.0,93.304375,12.964,1016.0863195000001
2023-12-03,9.0,88.34937500000001,20.372,1010.6398755833334
2023-12-04,8.0,91.75375000000001,22.224,997.7786485625
2023-12-05,7.0,88.62791666666668,14.816,1008.5445467708333
2023-12-06,6.0,87.748125,14.816,1017.567865125
2023-12-07,8.0,83.640625,25.928,1007.6556193958335
2023-12-08,12.0,82.64958333333334,20.372,1004.8054078125001
2023-12-09,14.0,76.439375,46.300000000000004,996.6357419375
2023-12-10,12.0,76.84,35.188,1001.5036775625
2023-12-11,12.0,74.46875,40.744,1003.725996
2023-12-12,12.0,89.15958333333333,20.372,997.842143375
2023-12-13,9.0,88.119375,25.928,1003.1686526458334
2023-12-14,9.0,89.24270833333333,14.816,1022.0336669375
2023-12-15,9.0,78.72833333333334,18.52,1035.7908763125
2023-12-16,11.0,87.45375,24.076,1038.4999883125
2023-12-17,11.0,77.15270833333334,29.632,1033.8225371249998
2023-12-18,13.0,78.5825,25.928,1028.1009490208332
2023-12-19,13.0,86.07479166666667,24.076,1020.06532775
2023-12-20,11.0,79.18333333333334,31.484,1017.4620404375
2023-12-21,14.0,69.1525,40.744,1007.578014625
2023-12-22,12.0,72.70083333333334,40.744,1012.2907407083334
2023-12-23,12.0,72.95562500000001,37.04,1012.5023900833334
2023-12-24,15.0,81.27583333333334,37.04,1005.9271494999999
2023-12-25,14.0,87.59875,29.632,1007.2605405625
2023-12-26,11.0,77.66458333333334,24.076,1015.5642510416666
2023-12-27,12.0,83.58625,35.188,1006.8372418125
2023-12-28,13.0,71.71708333333333,38.892,1005.292201375
2023-12-29,12.0,72.68895833333333,33.336,1007.0841660833333
2023-12-30,12.0,80.19895833333334,33.336,1004.6008134166667
2023-12-31,12.0,78.58041666666666,37.04,989.4537731458335
2024-01-01,12.0,77.89229166666667,27.78,999.5071184583334
2024-01-02,14.0,80.73687500000001,62.968,985.4867419534885
2024-01-03,12.0,76.84791666666668,27.78,991.9112575555555
2024-01-04,10.0,83.719375,24.076,999.1755344375
2024-01-05,8.0,84.21499999999999,33.336,1001.7153269375
2024-01-06,7.0,81.61999999999999,16.668,1016.5731130625
2024-01-07,5.0,72.33958333333334,18.52,1027.5224407291666
2024-01-08,4.0,67.89645833333334,27.78,1031.8259780208332
2024-01-09,4.0,67.66958333333334,33.336,1031.0852052083333
2024-01-10,6.0,66.350625,20.372,1029.6953743125
2024-01-11,5.0,82.10541666666667,12.964,1036.531649125
2024-01-12,6.0,78.34291666666667,16.668,1035.5792269375
2024-01-13,4.0,80.86375,16.668,1025.3353971875001
2024-01-14,6.0,78.38437499999999,22.224,1013.0385685
2024-01-15,3.0,63.806666666666665,24.076,1011.2042739166667
2024-01-16,5.0,66.52479166666667,16.668,1007.8390488541667
2024-01-17,3.0,77.58895833333334,14.816,993.439836375
2024-01-18,3.0,68.60083333333334,18.52,1007.5004098541667
2024-01-19,6.0,72.538125,18.52,1022.308811125
2024-01-20,6.0,65.02354166666667,22.224,1023.1765735625
2024-01-21,13.0,76.87458333333333,48.152,1009.8214980000001
2024-01-22,13.0,70.27416666666666,42.596000000000004,1008.3399523749999
2024-01-23,14.0,83.2075,38.892,1018.20281325
2024-01-24,13.0,65.120625,51.856,1024.7381329756097
2024-01-25,13.0,85.13895833333333,20.372,1025.060253
2024-01-26,13.0,66.06395833333333,55.56,1027.5083307708335
2024-01-27,9.0,76.0175,18.52,1032.9618296666665
2024-01-28,13.0,80.08104166666666,12.964,1023.155408625
2024-01-29,12.0,85.92854166666666,16.668,1022.5204605
2024-01-30,13.0,77.166875,27.78,1027.9810143749999
2024-01-31,12.0,71.52666666666667,27.78,1029.5824946458333
2024-02-01,11.0,67.43124999999999,22.224,1032.6231906666667
2024-02-02,14.0,80.47375000000001,35.188,1029.4978348958332
2024-02-03,13.0,82.106875,27.78,1027.2402415625
2024-02-04,14.0,82.34395833333333,38.892,1024.425304875
2024-02-05,12.0,72.08604166666667,35.188,1019.4092146875
2024-02-06,14.0,74.519375,38.892,1008.763251125
2024-02-07,7.0,87.72145833333333,16.668,1005.6943351875001
2024-02-08,12.0,91.18291666666666,31.484,991.2104629583333
2024-02-09,13.0,85.37708333333335,27.78,978.3492359375
2024-02-10,12.0,87.86125,12.964,983.5558105625
2024-02-11,11.0,81.38583333333334,20.372,991.0834733333335
2024-02-12,10.0,71.01416666666667,22.224,1005.9412594583333
2024-02-13,12.0,83.51958333333333,24.076,1011.8180571041667
2024-02-14,14.0,86.37,22.224,1012.4882801250001
2024-02-15,18.0,78.29791666666667,18.52,1008.8055810000001
2024-02-16,13.0,75.81395833333333,24.076,1015.5642510416668
2024-02-17,14.0,83.48875,22.224,1028.9546015
2024-02-18,15.0,82.856875,27.78,1025.441221875
2024-02-19,13.0,76.76979166666668,24.076,1029.7377041875
2024-02-20,13.0,80.925,27.78,1025.9068505
2024-02-21,13.0,84.14020833333333,29.632,1006.6114824791666
2024-02-22,13.0,84.564375,42.596000000000004,985.2913354375
2024-02-23,10.0,78.14229166666667,22.224,987.2667296041667
2024-02-24,9.0,81.68166666666666,14.816,995.217691125
2024-02-25,9.0,87.94770833333332,31.484,996.1277834375
2024-02-26,9.0,71.08041666666666,27.78,1009.7297832708333
2024-02-27,9.0,75.24895833333333,18.52,1020.6791109375
2024-02-28,12.0,84.32166666666667,24.076,1016.8835321458333
2024-02-29,12.0,84.35020833333333,22.224,1004.2127895625
2024-03-01,9.0,78.86645833333334,31.484,993.5456610625
2024-03-02,9.0,77.88541666666667,25.928,992.29692975
2024-03-03,10.0,76.39333333333333,16.668,1003.0910478750001
2024-03-04,12.0,71.97395833333333,22.224,1009.39819925
2024-03-05,11.0,85.193125,14.816,1013.1726131041668
2024-03-06,11.0,85.969375,20.372,1021.6103681875001
2024-03-07,10.0,81.705625,29.632,1020.361636875
2024-03-08,9.0,77.565625,35.188,1006.9219015625
2024-03-09,12.0,75.575625,31.484,994.921382
2024-03-10,9.0,92.006875,16.668,995.7044846875
2024-03-11,9.0,87.97375,16.668,1006.5409326875
2024-03-12,14.0,87.15625,20.372,1011.3947583541667
2024-03-13,14.0,79.78875000000001,27.78,1012.234300875
2024-03-14,18.0,76.3425,29.632,1007.2041007291667
2024-03-15,15.0,77.73208333333334,29.632,1005.8495447291666
2024-03-16,14.0,67.836875,16.668,1019.6631939375001
2024-03-17,16.0,84.841875,16.668,1014.8375881875
2024-03-18,15.0,80.04875,22.224,1014.8799180625
2024-03-19,13.0,81.02604166666667,22.224,1015.9804948125001
2024-03-20,17.0,74.73875,14.816,1018.7107717499999
2024-03-21,16.0,77.06729166666666,24.076,1024.4464698125
2024-03-22,12.0,68.89020833333333,22.224,1017.3985456250001
2024-03-23,11.0,62.03541666666666,37.04,1011.5922977708333
2024-03-24,13.0,59.37708333333333,33.336,1009.8779378333334
2024-03-25,12.0,69.35104166666666,20.372,1000.42426575
2024-03-26,13.0,76.29375,27.78,987.4501590625
2024-03-27,12.0,74.88250000000001,29.632,981.0160180624999
2024-03-28,11.0,76.48708333333333,40.744,978.5820502500001
2024-03-29,14.0,73.211875,29.632,988.2614816666668
2024-03-30,16.0,68.39541666666666,24.076,995.133031375
2024-03-31,12.0,85.80934782608696,27.78,993.3533361956522
2024-04-01,14.0,73.92333333333333,20.372,994.15944425
2024-04-02,15.0,76.98729166666666,24.076,1001.9269763125
2024-04-03,15.0,77.123125,37.04,1000.59358525
2024-04-04,16.0,76.731875,31.484,1002.9852231875001
2024-04-05,18.0,73.16437499999999,33.336,1004.3609441250001
2024-04-06,19.0,63.36145833333333,35.188,1002.6889140625
2024-04-07,17.0,62.680625,37.04,1008.4881069375
2024-04-08,17.0,74.934375,20.372,1004.6149233750001
2024-04-09,13.0,66.84854166666666,44.448,1007.3875301875
2024-04-10,14.0,76.63645833333334,31.484,1025.5047166875
2024-04-11,20.0,79.34145833333334,22.224,1028.7641170625
2024-04-12,21.0,65.81729166666666,33.336,1028.5947975625002
2024-04-13,21.0,65.785625,31.484,1022.4992955624999
2024-04-14,15.0,55.673750000000005,25.928,1022.2876461875
2024-04-15,12.0,61.5925,44.448,1008.2270727083334
2024-04-16,13.0,65.57479166666667,37.04,1012.3965653958334
2024-04-17,12.0,63.562291666666674,27.78,1015.620690875
2024-04-18,14.0,62.72145833333334,29.632,1021.25056425
2024-04-19,14.0,71.96354166666667,33.336,1017.9276690625001
2024-04-20,10.0,59.45416666666667,22.224,1028.2138286875
2024-04-21,11.0,61.07145833333334,20.372,1030.0692882083333
2024-04-22,10.0,68.34770833333333,12.964,1028.2138286875
2024-04-23,11.0,74.18583333333333,20.372,1022.7532748125
2024-04-24,10.0,58.96291666666667,18.52,1016.5731130625
2024-04-25,12.0,70.02520833333334,24.076,1005.1863766875
2024-04-26,13.0,63.995000000000005,22.224,1003.8318206875
2024-04-27,11.0,85.175,20.372,1003.1164458
2024-04-28,12.0,81.09083333333334,25.928,1004.1916246249999
2024-04-29,16.0,64.096875,27.78,1014.858753125
2024-04-30,19.0,70.10541666666667,22.224,1011.5146930000001
2024-05-01,20.0,80.22333333333333,18.52,1007.19704575
2024-05-02,16.0,85.075625,25.928,1001.8201672093023
2024-05-03,13.0,84.28125,25.928,1008.4457770625
2024-05-04,17.0,75.545,18.52,1010.6751504791667
2024-05-05,18.0,72.07187499999999,14.816,1007.8954886875
2024-05-06,15.0,87.94333333333333,16.668,1008.255292625
2024-05-07,19.0,71.71020833333334,18.52,1021.208234375
2024-05-08,19.0,75.394375,18.52,1028.9122716250001
2024-05-09,23.0,66.23583333333333,16.668,1026.414809
2024-05-10,22.0,65.548125,25.928,1023.4517177500001
2024-05-11,21.0,78.97375000000001,31.484,1020.7214408125001
2024-05-12,25.0,66.62708333333333,27.78,1012.7563693333333
2024-05-13,18.0,73.33916666666666,20.372,1007.1758808125
2024-05-14,17.0,80.76666666666667,18.52,1001.4401827500001
2024-05-15,21.0,72.92354166666667,18.52,1004.530263625
2024-05-16,18.0,84.4875,16.668,1005.207541625
2024-05-17,22.0,66.57166666666667,11.112,1009.4758040208334
2024-05-18,19.0,76.84125,12.964,1012.7210944375
2024-05-19,23.0,63.656041666666674,20.372,1013.7370114375
2024-05-20,20.0,70.88104166666666,20.372,1013.4618672500001
2024-05-21,15.0,87.32,12.964,1009.4334741458333
2024-05-22,16.0,89.33,25.928,1006.646757375
2024-05-23,19.0,69.49541666666667,24.076,1013.0315135208334
2024-05-24,19.0,62.099375,12.964,1018.1181535000001
2024-05-25,21.0,62.40208333333334,14.816,1016.4037935625
2024-05-26,20.0,71.98041666666667,35.188,1011.5288029583335
2024-05-27,17.0,70.78208333333333,22.224,1014.7952583125001
2024-05-28,18.0,85.10395833333334,27.78,1012.2695757708334
2024-05-29,21.0,66.16270833333333,22.224,1008.6150965625001
2024-05-30,18.0,72.57583333333334,25.928,1010.2659616875
2024-05-31,14.0,77.61833333333333,25.928,1018.6049470625
2024-06-01,16.0,72.65270833333334,22.224,1025.1660776875
2024-06-02,23.0,64.60083333333334,20.372,1026.2666544375
2024-06-03,21.0,69.48354166666667,14.816,1020.8272655000001
2024-06-04,21.0,70.92583333333333,31.484,1011.5069966590909
2024-06-05,17.0,53.54020833333333,27.78,1014.2520249166666
2024-06-06,19.0,55.067083333333336,18.52,1016.7635975000002
2024-06-07,20.0,57.503125000000004,22.224,1017.7371846249999
2024-06-08,19.0,60.23854166666666,24.076,1013.080898375
2024-06-09,16.0,56.05520833333333,22.224,1012.4953351041668
2024-06-10,15.0,73.92895833333334,24.076,1010.8515249583334
2024-06-11,15.0,67.80958333333334,18.52,1018.1181535000001
2024-06-12,16.0,62.38729166666667,12.964,1020.4251316875001
2024-06-13,17.0,65.295625,25.928,1012.869249
2024-06-14,19.0,69.43041666666666,27.78,1001.10154375
2024-06-15,18.0,75.26,33.336,999.1755344375
2024-06-16,21.0,62.684583333333336,27.78,1002.2021205000001
2024-06-17,23.0,57.95708333333334,20.372,1009.7650581666667
2024-06-18,21.0,63.34708333333333,16.668,1013.9274958750001
2024-06-19,20.0,67.53895833333333,27.78,1020.7637706874999
2024-06-20,22.0,65.569375,24.076,1019.8536783750001
2024-06-21,25.0,61.133541666666666,25.928,1012.9327438125
2024-06-22,23.0,65.04083333333334,20.372,1012.5517749375
2024-06-23,24.0,60.776875,14.816,1019.091740625
2024-06-24,27.0,61.64625,18.52,1018.837761375
2024-06-25,28.0,57.805625,22.224,1015.6630207500001
2024-06-26,28.0,61.37145833333333,18.52,1011.7616172708334
2024-06-27,25.0,56.58416666666667,31.484,1008.7914710416667
2024-06-28,20.0,55.70583333333334,24.076,1015.1973921250001
2024-06-29,24.0,52.87520833333334,12.964,1013.5253620625
2024-06-30,20.0,65.90208333333334,18.52,1012.7140394583333
2024-07-01,20.0,60.24583333333334,25.928,1017.5043703125001
2024-07-02,18.0,70.39083333333333,18.52,1017.5467001875
2024-07-03,20.0,74.77416666666667,24.076,1008.89024075
2024-07-04,21.0,51.808125,33.336,1008.7844160625
2024-07-05,22.0,79.49083333333333,24.076,1005.8213248124999
2024-07-06,17.0,75.01333333333334,37.04,1001.7999866875001
2024-07-07,18.0,72.606875,27.78,1009.8426629375
2024-07-08,19.0,75.906875,22.224,1014.7105985625
2024-07-09,19.0,89.68979166666668,25.928,1010.5340508958334
2024-07-10,21.0,71.66541666666667,25.928,1012.0508714166667
2024-07-11,23.0,61.85125,22.224,1016.594278
2024-07-12,18.0,69.113125,16.668,1016.551948125
2024-07-13,20.0,64.94166666666666,16.668,1013.5676919375001
2024-07-14,22.0,63.75104166666667,18.52,1011.5146930000001
2024-07-15,22.0,74.27041666666666,20.372,1008.1424129583334
2024-07-16,22.0,75.57083333333334,24.076,1009.2641546458334
2024-07-17,24.0,64.49645833333334,14.816,1019.72668875
2024-07-18,28.0,59.90354166666666,16.668,1020.1499875
2024-07-19,31.0,58.86041666666667,16.668,1015.6841856875
2024-07-20,24.0,72.78625,18.52,1008.1635778958333
2024-07-21,24.0,65.36375,20.372,1009.863827875
2024-07-22,24.0,71.02895833333334,25.928,1014.4354543750001
2024-07-23,23.0,72.515,27.78,1017.483205375
2024-07-24,25.0,70.818125,22.224,1019.8325134375
2024-07-25,20.0,85.22354166666666,24.076,1011.2254388541668
2024-07-26,24.0,65.02333333333333,24.076,1010.5552158333334
2024-07-27,23.0,58.951875,20.372,1014.6894336250001
2024-07-28,25.0,55.68520833333333,22.224,1024.2983152499999
2024-07-29,27.0,61.2125,25.928,1020.784935625
2024-07-30,31.0,60.156666666666666,25.928,1016.4037935625
2024-07-31,28.0,61.083333333333336,29.632,1014.4142894375
2024-08-01,28.0,71.65541666666667,25.928,1012.4247853125001
2024-08-02,28.0,70.98958333333333,22.224,1011.5429129166668
2024-08-03,25.0,61.684583333333336,27.78,1011.0490643750001
2024-08-04,24.0,55.888958333333335,16.668,1014.9010830000001
2024-08-05,26.0,68.910625,20.372,1012.1708060625001
2024-08-06,24.0,73.32833333333333,22.224,1009.4616940625
2024-08-07,22.0,62.33375,25.928,1012.0014865625
2024-08-08,22.0,73.31854166666666,24.076,1013.4689222291667
2024-08-09,25.0,61.31916666666667,29.632,1013.5394720208333
2024-08-10,26.0,66.47416666666668,24.076,1019.261060125
2024-08-11,28.0,67.30541666666666,29.632,1019.4092146875
2024-08-12,33.0,66.04125,25.928,1008.5445467708333
2024-08-13,27.0,56.744166666666665,20.372,1009.2570996666667
2024-08-14,25.0,70.86627906976744,18.52,1013.0188801860467
2024-08-15,23.0,73.38729166666667,29.632,1014.30846475
2024-08-16,25.0,70.841875,16.668,1014.1179803125001
2024-08-17,23.0,54.812291666666674,16.668,1013.207888
2024-08-18,24.0,57.0375,18.52,1013.9909906875
2024-08-19,21.0,66.64979166666667,25.928,1015.3032168125001
2024-08-20,23.0,62.39791666666667,29.632,1009.5534087916667
2024-08-21,22.0,61.225208333333335,27.78,1016.297968875
2024-08-22,20.0,78.170625,29.632,1006.8795716875001
2024-08-23,23.0,61.56666666666666,37.04,1003.8741505625
2024-08-24,18.0,85.27270833333334,25.928,1005.4121360208334
2024-08-25,21.0,67.78145833333333,29.632,1017.52553525
2024-08-26,24.0,65.80833333333334,24.076,1018.8800912500001
2024-08-27,25.0,65.33583333333333,20.372,1017.7371846249999
2024-08-28,28.0,61.17791666666667,20.372,1012.911578875
2024-08-29,23.0,58.04229166666667,22.224,1017.7583495625
2024-08-30,22.0,62.387708333333336,24.076,1022.8379345625
2024-08-31,20.0,73.06333333333333,35.188,1022.1183266875
2024-09-01,26.0,79.10000000000001,24.076,1013.3772075
2024-09-02,21.0,85.55333333333334,18.52,1010.3647313958332
2024-09-03,24.0,78.84875,24.076,1012.2766307500001
2024-09-04,19.0,68.20208333333333,14.816,1016.382628625
2024-09-05,20.0,88.71770833333333,29.632,1012.2131359374999
2024-09-06,20.0,92.02604166666667,18.52,1010.0260923958334
2024-09-07,20.0,82.19125,11.112,1009.5392988333333
2024-09-08,21.0,82.99625,20.372,1004.022305125
2024-09-09,17.0,76.92020833333333,24.076,1009.5886836875001
2024-09-10,19.0,76.434375,31.484,1008.3328973958334
2024-09-11,15.0,69.58541666666666,29.632,1009.22887975
2024-09-12,14.0,68.9825,22.224,1016.0651545625001
2024-09-13,17.0,61.864583333333336,12.964,1028.02334425
2024-09-14,20.0,61.40729166666667,16.668,1030.3303224375002
2024-09-15,20.0,71.44020833333333,18.52,1027.049757125
2024-09-16,20.0,71.265625,20.372,1028.6159625
2024-09-17,21.0,68.811875,25.928,1030.6901263749999
2024-09-18,23.0,72.56729166666666,27.78,1027.896354625
2024-09-19,25.0,73.05958333333334,33.336,1024.4464698125
2024-09-20,22.0,73.23812500000001,33.336,1020.7637706874999
2024-09-21,23.0,78.89874999999999,24.076,1017.1868962500001
2024-09-22,21.0,86.93083333333334,20.372,1011.4018133333334
2024-09-23,20.0,83.38625,24.076,1003.8318206875
2024-09-24,17.0,77.31375,22.224,1003.0275530624999
2024-09-25,17.0,79.65208333333334,20.372,998.3994867291667
2024-09-26,18.0,84.23770833333333,35.188,986.8857607291667
2024-09-27,14.0,76.01625,24.076,1000.6711900208334
2024-09-28,15.0,69.619375,18.52,1022.94375925
2024-09-29,15.0,72.54854166666667,29.632,1019.8113485
2024-09-30,17.0,86.01104166666666,35.188,1002.1386256874999
2024-10-01,14.0,85.74624999999999,29.632,1006.6255924375
2024-10-02,16.0,83.30645833333334,25.928,1013.1585031458334
2024-10-03,15.0,76.3704347826087,18.52,1020.996585
2024-10-04,17.0,75.37854166666666,12.964,1021.1024096875
2024-10-05,17.0,72.47229166666666,20.372,1014.81642325
2024-10-06,16.0,82.89541666666666,22.224,1000.4454306875
2024-10-07,19.0,82.90063829787233,20.372,997.3639058510638
2024-10-08,19.0,82.54936170212767,24.076,992.305936106383
2024-10-09,16.0,82.2675,16.668,987.0621352083334
2024-10-10,13.0,76.35645833333334,16.668,1004.8618476458333
2024-10-11,13.0,71.14166666666667,14.816,1016.0228246875
2024-10-12,16.0,76.57833333333333,25.928,1008.4316671041666
2024-10-13,11.0,68.06875000000001,25.928,1017.5043703125001
2024-10-14,12.0,87.91895833333332,29.632,1015.282051875
2024-10-15,17.0,91.32479166666667,29.632,1013.5818018958333
2024-10-16,22.0,85.29770833333333,20.372,1002.7312439375
2024-10-17,19.0,79.42812500000001,22.224,1009.1936048541667
2024-10-18,17.0,85.87875000000001,12.964,1013.842836125
2024-10-19,17.0,82.339375,20.372,1011.2324938333333
2024-10-20,18.0,81.943125,29.632,1010.7809751666667
2024-10-21,15.0,79.76,20.372,1020.276977125
2024-10-22,17.0,83.81479166666666,22.224,1027.8610797291667
2024-10-23,17.0,85.14479166666666,14.816,1030.9370506458333
2024-10-24,18.0,84.89083333333333,18.52,1019.5785341874999
2024-10-25,17.0,92.3675,20.372,1013.7793413125
2024-10-26,15.0,90.99979166666667,11.112,1015.8958350624999
2024-10-27,16.0,81.95100000000001,18.52,1021.3216784400001
2024-10-28,16.0,87.13604166666666,22.224,1021.335224
2024-10-29,16.0,86.96958333333333,14.816,1024.2348204375
2024-10-30,15.0,82.33,7.408,1028.785282
2024-10-31,15.0,80.04208333333334,7.408,1026.8592726875002
2024-11-01,13.0,78.16625,16.668,1025.31423225
2024-11-02,14.0,85.52958333333333,20.372,1030.1186730625002
2024-11-03,13.0,80.255,20.372,1028.4678079375
2024-11-04,13.0,81.00666666666667,20.372,1025.2930673125
2024-11-05,12.0,82.65291666666667,12.964,1023.3882229375
2024-11-06,10.0,95.53125,12.964,1030.6477965
2024-11-07,12.0,90.05854166666667,22.224,1030.4925869583333
2024-11-08,10.0,81.68979166666666,16.668,1025.525881625
2024-11-09,9.0,74.73125,11.112,1024.2559853750001
2024-11-10,12.0,83.09583333333333,11.112,1028.1714988125
2024-11-11,13.0,77.24458333333334,14.816,1034.5915298541665
2024-11-12,13.0,81.19166666666668,27.78,1035.3040827500001
2024-11-13,11.0,83.84770833333333,12.964,1034.499815125
2024-11-14,12.0,79.35479166666667,16.668,1031.4873390208334
2024-11-15,10.0,75.00020833333333,14.816,1027.1979116875
2024-11-16,11.0,84.31458333333333,18.52,1018.4356275625
2024-11-17,11.0,77.58354166666668,24.076,1014.096815375
2024-11-18,10.0,88.48520833333333,16.668,1008.9537355625001
2024-11-19,12.0,89.59604166666666,27.78,998.3712668125
2024-11-20,6.0,74.95979166666667,27.78,1009.0313403333333
2024-11-21,4.0,75.865,18.52,1001.4190178125
2024-11-22,8.0,70.72833333333334,33.336,1007.8602137916668
2024-11-23,15.0,83.22375,37.04,1003.0839928958334
2024-11-24,18.0,72.29208333333334,40.744,994.8578871875001
2024-11-25,12.0,74.29145833333332,29.632,1001.8423165625
2024-11-26,11.0,73.83395833333334,16.668,1014.9222479375
2024-11-27,11.0,87.61916666666667,31.484,1013.0244585416667
2024-11-28,7.0,87.55104166666666,16.668,1028.1503338750001
2024-11-29,10.0,82.545,18.52,1026.2031596250001
2024-11-30,14.0,88.131875,14.816,1023.11307875
2024-12-01,13.0,88.75875,20.372,1013.8640010625
2024-12-02,12.0,79.07270833333332,29.632,1013.0667884166668
2024-12-03,8.0,79.42104166666667,14.816,1022.77443975
2024-12-04,10.0,83.19979166666667,22.224,1024.002006125
2024-12-05,15.0,84.62395833333333,37.04,1007.1899907708333
2024-12-06,12.0,69.33624999999999,33.336,1012.826919125
2024-12-07,13.0,77.58854166666667,48.152,991.0661072307693
2024-12-08,9.0,82.81,38.892,1020.087606631579
2024-12-09,8.0,78.35875,29.632,1030.7888960833334
2024-12-10,7.0,84.25583333333334,22.224,1032.0870122499998
2024-12-11,7.0,80.541875,18.52,1032.2281118333333
2024-12-12,8.0,92.60770833333333,12.964,1030.7254012708333
2024-12-13,7.0,91.58104166666668,16.668,1025.3777270625
2024-12-14,8.0,83.824375,18.52,1022.4146358125
2024-12-15,12.0,85.79375,29.632,1027.3672311875
2024-12-16,12.0,78.92854166666667,25.928,1030.5560817708333
2024-12-17,10.0,86.71520833333334,20.372,1022.94375925
2024-12-18,15.0,82.58624999999999,35.188,1005.5814555208334
2024-12-19,14.0,74.263125,37.04,1007.7261691875001
2024-12-20,10.0,81.65375,25.928,1018.3721327500001
2024-12-21,13.0,80.51395833333333,35.188,1010.4423361666667
2024-12-22,8.0,66.2825,40.744,1006.6114824791666
2024-12-23,7.0,70.00541666666668,25.928,1022.4146358125
2024-12-24,12.0,92.03958333333333,18.52,1025.8433556875
2024-12-25,10.0,91.789375,14.816,1032.5314759374999
2024-12-26,8.0,93.16833333333334,9.26,1034.5209800625
2024-12-27,7.0,98.47395833333333,7.408,1032.552640875
2024-12-28,6.0,93.30729166666667,12.964,1029.1874158125
2024-12-29,9.0,92.47604166666666,16.668,1029.7377041875
2024-12-30,9.0,78.55770833333334,25.928,1027.6000455
2024-12-31,12.0,76.795,37.04,1019.6420290000001
2025-01-01,13.0,79.968125,40.744,1008.0577532083333
2025-01-02,6.0,78.07104166666666,14.816,1018.2239781875
2025-01-03,5.0,80.060625,14.816,1023.3670579999999
2025-01-04,4.0,84.501875,24.076,1014.4707292708334
2025-01-05,13.0,92.17208333333333,29.632,987.8170179791667
2025-01-06,13.0,82.41000000000001,37.04,982.7092130625
2025-01-07,6.0,81.89041666666667,27.78,998.858060375
2025-01-08,3.0,87.06979166666667,18.52,1001.4825126249999
2025-01-09,5.0,78.160625,20.372,1008.3752272708334
2025-01-10,2.0,87.61791666666666,11.112,1020.23464725
2025-01-11,5.0,89.04541666666667,7.408,1030.3162124791668
2025-01-12,4.0,94.57625,7.408,1039.7910495
2025-01-13,7.0,72.92416666666666,18.52,1038.85979225
2025-01-14,10.0,84.00229166666666,18.52,1034.5209800625
2025-01-15,10.0,93.78729166666666,12.964,1034.0341865
2025-01-16,10.0,86.07791666666667,12.964,1034.3516605625
2025-01-17,6.0,82.56395833333333,14.816,1035.1559281875
2025-01-18,4.0,87.35354166666667,14.816,1029.3002954791666
2025-01-19,4.0,79.86312500000001,12.964,1021.0177499375
2025-01-20,6.0,86.01437499999999,12.964,1018.0123288125001
2025-01-21,5.0,92.33749999999999,11.112,1013.3278226458333
2025-01-22,5.0,87.69791666666667,12.964,1004.276284375
2025-01-23,9.0,83.66875,25.928,1002.4772646875
2025-01-24,11.0,70.66770833333334,38.892,995.9584639375001
2025-01-25,9.0,68.61333333333333,20.372,1004.5514285625
2025-01-26,10.0,78.46145833333334,29.632,994.8649421666668
2025-01-27,10.0,74.60875,44.448,981.418151875
2025-01-28,10.0,82.41714285714286,33.336,983.9121590000001
2025-01-29,9.0,81.74083333333333,24.076,1003.0275530625
2025-01-30,8.0,70.83041666666666,20.372,1019.6773038958335
2025-01-31,7.0,89.38708333333334,12.964,1024.9120984375002
2025-02-01,6.0,85.7425,14.816,1029.0180963125001
2025-02-02,8.0,81.964375,12.964,1023.0919138125
2025-02-03,9.0,87.69958333333334,14.816,1024.6157893125
2025-02-04,10.0,82.19708333333334,24.076,1023.3458930625001
2025-02-05,10.0,76.62104166666667,18.52,1037.5193462083332
2025-02-06,8.0,79.763125,24.076,1041.4842445
2025-02-07,5.0,83.47729166666667,37.04,1024.8344936666667
2025-02-08,6.0,92.34520833333333,24.076,1018.245143125
2025-02-09,6.0,89.505,20.372,1027.7058701875
2025-02-10,5.0,83.96895833333333,22.224,1023.5363775000001
2025-02-11,5.0,89.89541666666668,11.112,1018.1816483125
2025-02-12,6.0,83.45562500000001,14.816,1019.3245549375
2025-02-13,5.0,73.68229166666667,16.668,1023.5575424375
2025-02-14,5.0,66.51145833333334,24.076,1024.97559325
2025-02-15,6.0,79.71604166666667,24.076,1020.2134823125001
2025-02-16,4.0,73.33770833333334,27.78,1020.6367810625001
2025-02-17,5.0,72.43541666666667,27.78,1022.3511410000001
2025-02-18,6.0,73.99854166666667,29.632,1020.5309563750001
2025-02-19,8.0,77.659375,22.224,1015.9804948125001
2025-02-20,13.0,89.94937499999999,29.632,1014.30846475
2025-02-21,16.0,83.07979166666667,29.632,1010.0684222708334
2025-02-22,14.0,84.00145833333333,18.52,1013.3560425625001
2025-02-23,11.0,82.155,31.484,1019.7901835625001
2025-02-24,14.0,84.12604166666667,24.076,1011.5781878125
2025-02-25,11.0,74.29395833333334,18.52,1013.5465270000001
2025-02-26,9.0,83.775625,24.076,1013.1161732708333
2025-02-27,10.0,71.22854166666666,22.224,1019.6208640625
2025-02-28,9.0,72.01791666666666,11.112,1029.1450859375
2025-03-01,9.0,83.66479166666666,12.964,1034.28816575
2025-03-02,10.0,81.30541666666666,14.816,1034.0130215625
2025-03-03,12.0,71.67166666666667,9.26,1029.589549625
2025-03-04,14.0,64.03041666666667,12.964,1026.0126751875
2025-03-05,15.0,65.4375,14.816,1021.6526980625
2025-03-06,17.0,62.399166666666666,20.372,1013.96982575
2025-03-07,17.0,66.77583333333334,18.52,1011.7263423750001
2025-03-08,17.0,68.33395833333334,24.076,1008.2059077708333
2025-03-09,16.0,68.17770833333334,25.928,1003.006388125
2025-03-10,13.0,73.82479166666667,16.668,1003.6625011875
2025-03-11,8.0,68.37125,22.224,1007.5145198125
2025-03-12,8.0,71.24833333333333,18.52,1003.1122128124999
2025-03-13,7.0,81.869375,25.928,1003.937645375
2025-03-14,8.0,74.57916666666667,22.224,1011.4935280625
2025-03-15,8.0,64.20604166666666,27.78,1021.7796876875
2025-03-16,9.0,68.34770833333333,24.076,1025.14491275
2025-03-17,8.0,73.55729166666667,27.78,1027.9598494375
2025-03-18,10.0,64.11229166666666,35.188,1024.0231710625
2025-03-19,18.0,66.20041666666667,12.964,1020.700275875
2025-03-20,19.0,66.269375,22.224,1018.8800912500001
2025-03-21,16.0,72.39583333333333,31.484,1007.0136162916666
2025-03-22,16.0,81.08916666666667,20.372,1000.0644618125001
2025-03-23,13.0,86.65895833333333,14.816,1003.7542159166668
2025-03-24,13.0,73.15833333333333,14.816,1017.5467001875
2025-03-25,14.0,82.59395833333333,16.668,1022.0759968125
2025-03-26,17.0,73.38479166666666,18.52,1024.7851088125
2025-03-27,16.0,73.91125000000001,22.224,1019.8325134375
2025-03-28,15.0,61.76125,25.928,1012.5306100000001
2025-03-29,15.0,59.765416666666674,29.632,1020.2981420625
2025-03-30,17.0,59.98913043478261,29.632,1020.5548819565217
2025-03-31,16.0,65.29416666666667,22.224,1028.4889728750002
2025-04-01,13.0,70.81583333333333,40.744,1025.9068505
2025-04-02,15.0,64.26604166666667,40.744,1021.5680383125
2025-04-03,17.0,63.800625000000004,29.632,1019.3245549375
2025-04-04,21.0,62.0925,33.336,1018.8165964374999
2025-04-05,16.0,58.43020833333333,33.336,1020.361636875
2025-04-06,14.0,60.76979166666666,29.632,1023.4305528125001
2025-04-07,14.0,61.949999999999996,25.928,1026.0550050625
2025-04-08,15.0,64.47875,22.224,1027.092087
2025-04-09,12.0,73.69145833333333,20.372,1029.2438556458335
2025-04-10,15.0,63.98979166666667,14.816,1030.3373774166666
2025-04-11,22.0,57.369791666666664,20.372,1021.4410486875
2025-04-12,21.0,64.38229166666666,22.224,1006.7243621458333
2025-04-13,18.0,65.99270833333334,24.076,1003.0910478750001
2025-04-14,16.0,69.22541666666667,18.52,1004.8265727500001
2025-04-15,17.0,85.70229166666667,22.224,996.19127825
2025-04-16,15.0,57.191875,31.484,1004.2057345833333
2025-04-17,16.0,59.3375,22.224,1012.0649813750001
2025-04-18,17.0,59.0875,27.78,1010.5128859583333
2025-04-19,15.0,62.68354166666666,37.04,1008.0859731249999
2025-04-20,13.0,75.393125,20.372,1007.7473341250001
2025-04-21,16.0,75.72145833333333,25.928,1009.5110789166666
2025-04-22,17.0,65.01375,20.372,1015.7688454375001
2025-04-23,12.0,80.640625,35.188,1013.080898375
2025-04-24,15.0,71.49229166666667,18.52,1021.6950279375001
2025-04-25,14.0,76.47625000000001,24.076,1023.0072540625
2025-04-26,17.0,75.65479166666667,20.372,1022.8802644375
2025-04-27,21.0,66.95416666666667,18.52,1025.737531
2025-04-28,22.0,57.798125,24.076,1026.6899531875
2025-04-29,21.0,60.90166666666667,27.78,1026.0126751875
2025-04-30,24.0,64.24125,25.928,1022.4146358125
2025-05-01,28.0,62.69104166666667,18.52,1016.805927375
2025-05-02,24.0,63.408125000000005,27.78,1015.0069076875001
2025-05-03,20.0,65.95583333333333,22.224,1013.9486608125
2025-05-04,13.0,61.50416666666666,24.076,1018.329802875
2025-05-05,13.0,64.17999999999999,35.188,1021.377553875
2025-05-06,14.0,62.1875,22.224,1024.721614
2025-05-07,15.0,65.64770833333334,24.076,1023.4517177500001
2025-05-08,15.0,67.31729166666666,20.372,1020.7214408125001
2025-05-09,18.0,60.09229166666666,29.632,1020.446296625
2025-05-10,21.0,54.36895833333333,33.336,1017.5890300625
2025-05-11,23.0,55.67458333333334,38.892,1010.8233050416667
2025-05-12,25.0,61.556041666666665,24.076,1010.9926245416667
2025-05-13,23.0,56.77520833333333,33.336,1017.4620404375
2025-05-14,21.0,61.203125,25.928,1021.1024096875
2025-05-15,14.0,71.14645833333334,18.52,1024.679284125
2025-05-16,17.0,69.59208333333333,20.372,1025.8010258125
2025-05-17,18.0,61.19958333333333,16.668,1022.7109449374999
2025-05-18,16.0,68.41895833333334,22.224,1020.3828018125
2025-05-19,20.0,65.32520833333334,24.076,1020.3828018125
2025-05-20,22.0,56.39958333333333,22.224,1020.3828018125
2025-05-21,18.0,61.189375000000005,18.52,1016.890587125
2025-05-22,14.0,64.38333333333334,16.668,1019.2398951875001
2025-05-23,20.0,54.99270833333333,31.484,1018.964751
2025-05-24,22.0,76.53666666666668,31.484,1011.7333973541668
2025-05-25,20.0,59.99104166666667,33.336,1009.3276494583333
2025-05-26,18.0,64.144375,27.78,1014.7529284375
2025-05-27,17.0,80.60770833333333,33.336,1011.2183838750001
2025-05-28,21.0,64.51833333333333,35.188,1015.4090415000001
2025-05-29,25.0,66.41,31.484,1018.4567925
2025-05-30,25.0,69.08604166666667,16.668,1018.6896068125001
2025-05-31,26.0,64.97354166666666,22.224,1015.83234025
2025-06-01,22.0,58.56145833333333,27.78,1013.5676919375001
2025-06-02,21.0,51.308749999999996,22.224,1015.6630207500001
2025-06-03,17.0,76.076875,31.484,1007.0700561250001
2025-06-04,19.0,66.36354166666666,25.928,1006.054139125
2025-06-05,16.0,83.90270833333334,22.224,1003.2815323125001
2025-06-06,20.0,64.886875,31.484,1006.2869534375
2025-06-07,18.0,78.23458333333333,22.224,1006.0964690000001
2025-06-08,19.0,59.666875000000005,27.78,1016.4179035208334
2025-06-09,21.0,60.576458333333335,24.076,1020.5521213124999
2025-06-10,22.0,65.310625,29.632,1016.6366078750001
2025-06-11,22.0,73.8525,37.04,1019.4938744375
2025-06-12,26.0,68.62583333333333,27.78,1013.12322825
2025-06-13,29.0,63.543749999999996,29.632,1017.3350508125001
2025-06-14,25.0,66.43729166666667,27.78,1015.3455466875001
2025-06-15,24.0,59.510625000000005,24.076,1021.8643474375
2025-06-16,26.0,58.33041666666667,16.668,1027.0709220625001
2025-06-17,27.0,54.024791666666665,20.372,1024.9967581875
2025-06-18,28.0,54.02125,14.816,1024.2559853750001
2025-06-19,31.0,55.03958333333333,25.928,1024.4464698125
2025-06-20,27.0,63.157916666666665,29.632,1023.5575424375
2025-06-21,32.0,53.73666666666667,22.224,1017.2927209375001
2025-06-22,26.0,56.835208333333334,31.484,1012.234300875
2025-06-23,23.0,50.471875000000004,37.04,1012.6646546041667
2025-06-24,27.0,67.10791666666667,27.78,1012.0861463125001
2025-06-25,28.0,64.71458333333334,18.52,1011.1689990208333
2025-06-26,25.0,59.15208333333334,33.336,1011.7122324166667
2025-06-27,27.0,61.32708333333333,27.78,1019.938338125
2025-06-28,30.0,67.18729166666667,22.224,1022.8379345625
2025-06-29,30.0,63.925000000000004,20.372,1024.171325625
2025-06-30,32.0,58.70645833333333,22.224,1017.8853391875
2025-07-01,34.0,55.68083333333333,18.52,1013.0385685000001
2025-07-02,23.0,66.80145833333333,22.224,1017.313885875
2025-07-03,25.0,42.975,16.668,1027.219076625
2025-07-04,27.0,44.50416666666666,25.928,1025.4623868125
2025-07-05,22.0,65.74666666666667,31.484,1014.5836089375001
2025-07-06,22.0,67.94562499999999,20.372,1006.4562729375001
2025-07-07,21.0,64.92791666666666,24.076,1010.879744875
2025-07-08,24.0,50.0425,22.224,1017.01757675
2025-07-09,26.0,53.90770833333334,16.668,1021.0812447500001
2025-07-10,29.0,54.799375,29.632,1022.0336669375
2025-07-11,30.0,56.185624999999995,22.224,1020.1499875
2025-07-12,27.0,65.913125,27.78,1016.2344740625
2025-07-13,27.0,70.81416666666667,22.224,1012.5023900833334
2025-07-14,25.0,58.60541666666666,27.78,1012.61526975
2025-07-15,22.0,61.0825,31.484,1014.943412875
2025-07-16,24.0,60.23104166666667,27.78,1015.3878765625
2025-07-17,27.0,66.37708333333333,18.52,1016.255639
2025-07-18,29.0,60.728125,20.372,1012.0861463125001
2025-07-19,23.0,79.09979166666666,14.816,1005.7789949375
2025-07-20,22.0,74.85187499999999,22.224,1000.59358525
2025-07-21,25.0,73.295625,25.928,1000.3184410625
2025-07-22,22.0,75.29354166666667,18.52,1009.4758040208334
2025-07-23,22.0,66.181875,16.668,1013.1867230624999
2025-07-24,20.0,81.77875,18.52,1017.1657313125
2025-07-25,26.0,63.826875,18.52,1018.5626171875
2025-07-26,23.0,66.56958333333334,20.372,1016.4672883750001
2025-07-27,21.0,60.04479166666667,16.668,1017.1022365
2025-07-28,23.0,55.616875,18.52,1019.515039375
2025-07-29,21.0,65.29958333333333,12.964,1018.9435860625
2025-07-30,25.0,67.43041666666666,18.52,1017.9276690625001
2025-07-31,23.0,76.14791666666666,18.52,1015.7476805
2025-08-01,20.0,71.323125,20.372,1015.8746701250001
2025-08-02,22.0,58.20541666666667,14.816,1018.20281325
2025-08-03,24.0,69.55833333333332,25.928,1017.7160196875001
2025-08-04,22.0,72.07312499999999,31.484,1015.0915674375001
2025-08-05,22.0,50.82270833333333,29.632,1021.462213625
2025-08-06,23.0,53.15229166666666,20.372,1023.155408625
2025-08-07,23.0,65.34750000000001,29.632,1015.1127323750001
2025-08-08,25.0,59.611250000000005,22.224,1017.652524875
2025-08-09,26.0,53.119166666666665,24.076,1020.74260575
2025-08-10,26.0,57.260625000000005,18.52,1026.7534480000002
2025-08-11,28.0,60.46520833333333,27.78,1022.224151375
2025-08-12,31.0,58.084375,29.632,1014.3719595625001
2025-08-13,26.0,72.13583333333334,20.372,1014.1179803125
2025-08-14,28.0,65.85458333333334,18.52,1017.9699989375
2025-08-15,29.0,65.22125,31.484,1024.382975
2025-08-16,21.0,74.45791666666666,24.076,1027.2614065
2025-08-17,24.0,67.9075,27.78,1024.1078308125
2025-08-18,21.0,72.02166666666666,22.224,1020.6791109375
2025-08-19,24.0,72.07000000000001,24.076,1015.8746701250001
2025-08-20,20.0,66.38020833333333,25.928,1016.043989625
2025-08-21,20.0,63.13458333333333,18.52,1017.9276690625001
2025-08-22,22.0,54.99875,16.668,1021.1659045
2025-08-23,22.0,59.85375,25.928,1020.615616125
2025-08-24,24.0,56.162708333333335,16.668,1020.4251316875001
2025-08-25,27.0,51.758125,18.52,1015.6841856875
2025-08-26,25.0,64.02708333333334,25.928,1007.2746505208333
2025-08-27,22.0,71.33583333333333,27.78,1005.292201375
2025-08-28,22.0,69.82020833333333,27.78,1001.990471125
2025-08-29,22.0,78.01979166666666,24.076,996.6357419375
2025-08-30,21.0,77.55583333333333,27.78,1002.8159036874999
2025-08-31,22.0,67.95916666666666,25.928,1003.683666125
2025-09-01,20.0,75.14,24.076,1003.2180374999999
2025-09-02,19.0,82.21333333333334,20.372,1002.752408875
2025-09-03,21.0,84.01395833333333,33.336,997.3553498125001
2025-09-04,20.0,72.17520833333333,27.78,1006.4633279166666
2025-09-05,22.0,68.16854166666667,16.668,1019.1975653125
2025-09-06,24.0,69.77270833333334,29.632,1018.0546586874999
2025-09-07,26.0,67.42979166666667,33.336,1009.2782646041666
2025-09-08,22.0,64.42041666666667,24.076,1015.7265155625
2025-09-09,22.0,65.87833333333333,16.668,1014.9645778125
2025-09-10,19.0,80.754375,24.076,1002.9852231875001
2025-09-11,20.0,74.13916666666667,31.484,1003.1757076250001
2025-09-12,20.0,71.53208333333333,31.484,1009.7509482083334
2025-09-13,18.0,73.36645833333334,25.928,1008.8620208333333
2025-09-14,18.0,80.45645833333333,29.632,1008.1988527916668
2025-09-15,19.0,63.55583333333333,46.300000000000004,1004.9112325
2025-09-16,19.0,62.702916666666674,31.484,1016.4461234375
2025-09-17,19.0,83.17562500000001,27.78,1016.594278
2025-09-18,22.0,79.36583333333333,25.928,1018.6896068125001
2025-09-19,27.0,72.66416666666667,20.372,1017.2080611875
2025-09-20,22.0,76.82645833333333,35.188,1009.2570996666667
2025-09-21,16.0,61.99458333333334,42.596000000000004,1017.3350508125
2025-09-22,16.0,62.71104166666667,22.224,1026.457138875
2025-09-23,16.0,68.99729166666667,18.52,1027.9386845
2025-09-24,17.0,63.72369565217391,27.78,1026.6724691086959
2025-09-25,18.0,57.86625,25.928,1024.4676347500001
2025-09-26,16.0,70.435625,22.224,1021.6315331249999
2025-09-27,17.0,72.556875,18.52,1019.8113485
2025-09-28,17.0,85.77583333333332,14.816,1020.6367810625001
2025-09-29,19.0,74.60833333333333,11.112,1025.060253
2025-09-30,20.0,68.30624999999999,11.112,1025.9915102500001
2025-10-01,19.0,74.654375,12.964,1027.1767467500001
2025-10-02,19.0,78.918125,16.668,1022.5204605
2025-10-03,18.0,84.24479166666667,31.484,1007.9378185625001
2025-10-04,18.0,66.91583333333334,55.56,998.2154159090909
2025-10-05,17.0,60.73333333333333,33.336,1019.3181134347826
2025-10-06,21.0,71.49833333333333,20.372,1023.6845320624999
2025-10-07,18.0,73.42104166666667,18.52,1024.1078308125
2025-10-08,17.0,79.9576595744681,12.964,1023.6336461489362
2025-10-09,15.0,71.67875,18.52,1027.9386845000001
2025-10-10,15.0,74.34479166666667,11.112,1033.0958742708333
2025-10-11,16.0,73.415625,11.112,1034.0341865
2025-10-12,16.0,80.03541666666668,16.668,1032.0376273958334
2025-10-13,16.0,83.72645833333333,18.52,1029.6318795
2025-10-14,14.0,85.44729166666667,14.816,1029.9705185
2025-10-15,14.0,82.52291666666666,16.668,1029.7800340625001
2025-10-16,16.0,78.08958333333334,14.816,1027.5788805625
2025-10-17,15.0,72.12354166666667,16.668,1026.118499875
2025-10-18,16.0,66.81145833333333,20.372,1022.647450125
2025-10-19,16.0,84.91604166666667,22.224,1004.7066381041667
2025-10-20,16.0,88.81770833333333,24.076,989.2773986666667
2025-10-21,16.0,82.24854166666667,25.928,992.1135002916667
2025-10-22,16.0,82.23416666666667,16.668,994.6885676875
2025-10-23,13.0,82.06770833333333,33.336,985.8063489166667
2025-10-24,13.0,69.82666666666667,27.78,999.0273798750001
2025-10-25,12.0,72.501875,27.78,1002.6042543125
2025-10-26,11.0,75.3988,27.78,1007.91157404
2025-10-27,14.0,66.79104166666667,35.188,1006.2022936875001
2025-10-28,15.0,69.615,31.484,1006.7102521875
2025-10-29,13.0,85.593125,18.52,1000.3819358750001
2025-10-30,14.0,77.01291666666667,24.076,1006.3292833125
2025-10-31,17.0,82.33354166666668,25.928,1001.9058113750001
2025-11-01,16.0,77.51333333333334,29.632,1002.159790625
2025-11-02,13.0,76.95479166666667,25.928,1008.4528320416666
2025-11-03,17.0,81.05520833333334,31.484,1012.3189606250002
2025-11-04,17.0,77.03145833333333,24.076,1011.0984492291667
2025-11-05,17.0,69.089375,20.372,1007.8954886875
2025-11-06,17.0,79.62416666666667,14.816,1005.8848196250001
2025-11-07,16.0,88.23270833333333,20.372,1005.9059845625001
2025-11-08,15.0,82.17395833333333,16.668,1012.7704792916667
2025-11-09,15.0,82.75,20.372,1014.7388184791668
2025-11-10,14.0,88.41250000000001,22.224,1005.7366650625
2025-11-11,15.0,81.91083333333333,25.928,1005.7789949375
2025-11-12,17.0,77.28208333333333,18.52,1003.5566765
2025-11-13,18.0,82.87666666666667,18.52,1006.1176339375
2025-11-14,14.0,95.278125,27.78,1001.567172375
2025-11-15,13.0,93.67625,14.816,1007.9378185625001
2025-11-16,10.0,77.143125,18.52,1012.2060809583332
2025-11-17,8.0,74.78937499999999,20.372,1021.9913370625001
2025-11-18,7.0,83.33333333333333,22.224,1016.5590031041667
2025-11-19,6.0,81.43229166666667,25.928,1008.255292625
2025-11-20,4.0,71.20125,18.52,1014.7317635
2025-11-21,7.0,80.03395348837209,14.816,1025.5091465581395
2025-11-22,8.0,79.35416666666667,27.78,1017.4479304791666
2025-11-23,11.0,79.08479166666667,31.484,999.4718435625
2025-11-24,7.0,82.35604166666667,22.224,994.1806091875001
2025-11-25,7.0,78.494375,20.372,1013.3701525208334
2025-11-26,9.0,81.20166666666667,20.372,1021.25056425
2025-11-27,14.0,87.73083333333334,22.224,1013.588856875
2025-11-28,13.0,79.96124999999999,25.928,1010.92207475
2025-11-29,12.0,83.37854166666666,27.78,1002.6465841875
2025-11-30,9.0,73.958125,22.224,1012.2554658125
2025-12-01,12.0,84.76458333333333,29.632,1002.6677491250001
2025-12-02,11.0,83.07958333333333,18.52,1002.7312439375
2025-12-03,11.0,83.66979166666667,14.816,1007.493354875
2025-12-04,8.0,88.05624999999999,27.78,999.06970975
2025-12-05,10.0,84.33291666666666,29.632,1002.498429625
2025-12-06,13.0,80.20833333333333,25.928,996.572247125
2025-12-07,15.0,86.10458333333334,40.744,1001.1650385625
2025-12-08,15.0,83.92854166666666,20.372,1008.1212480208334
2025-12-09,15.0,79.06979166666666,27.78,1004.7630779375
2025-12-10,14.0,76.08562500000001,29.632,1015.3032168125001
2025-12-11,13.0,83.59958333333334,24.076,1018.3086379375001
2025-12-12,13.0,84.4325,24.076,1017.483205375
2025-12-13,11.0,82.40333333333334,16.668,1026.6899531875
2025-12-14,11.0,80.96895833333333,25.928,1018.1393184375
2025-12-15,11.0,81.205,20.372,1006.9430665
2025-12-16,13.0,84.71708333333333,14.816,1009.355869375
2025-12-17,11.0,84.89645833333334,25.928,1014.2449699375001
2025-12-18,13.0,88.14645833333333,33.336,1004.9535623749999
2025-12-19,12.0,76.63125000000001,22.224,1014.7458734583333
2025-12-20,10.0,87.72083333333335,20.372,1012.10731125
2025-12-21,11.0,94.510625,31.484,1006.9219015625
2025-12-22,10.0,92.98812500000001,20.372,1007.9589835
2025-12-23,9.0,81.30125,33.336,1018.075823625
2025-12-24,7.0,70.92416666666666,42.596000000000004,1030.9723255416668
2025-12-25,6.0,66.96458333333332,37.04,1028.4889728750002
2025-12-26,6.0,79.658125,25.928,1029.5119448541666
2025-12-27,8.0,84.47520833333333,24.076,1033.9706916875
2025-12-28,7.0,76.536875,22.224,1031.91769275
2025-12-29,7.0,77.34208333333333,18.52,1029.166250875
2025-12-30,7.0,78.735,18.52,1033.1946439791666
2025-12-31,5.0,89.21895833333333,18.52,1027.9880693541666
2026-01-01,6.0,77.5825,29.632,1009.7862231041668
2026-01-02,4.0,71.33729166666667,25.928,1006.4562729375001
2026-01-03,3.0,68.33562500000001,24.076,1009.9837625208334
2026-01-04,3.0,72.46041666666666,18.52,1012.8480840625001
2026-01-05,2.0,76.2825,18.52,1013.3066577083333
2026-01-06,5.0,82.60666666666667,24.076,1014.9716327916667
2026-01-07,6.0,78.68083333333333,27.78,1004.9535623749999
2026-01-08,8.0,92.503125,42.596000000000004,997.0167108125
2026-01-09,7.0,83.20541666666666,31.484,991.746641375
2026-01-10,3.0,82.82645833333333,20.372,1015.8676151458334
2026-01-11,10.0,89.06291666666668,27.78,1013.3983724374999
2026-01-12,11.0,85.77999999999999,20.372,1002.7312439375
2026-01-13,11.0,89.93458333333332,16.668,1004.99589225
2026-01-14,10.0,84.98479166666667,14.816,1010.6892604375001
2026-01-15,10.0,87.811875,27.78,1001.016884
2026-01-16,10.0,85.67270833333333,16.668,1007.3310903541666
2026-01-17,11.0,88.88729166666667,16.668,1014.943412875
2026-01-18,11.0,92.33749999999999,16.668,1016.8482572500001
2026-01-19,11.0,89.7575,16.668,1013.9909906875
2026-01-20,10.0,80.86333333333333,27.78,1008.0154233333334
2026-01-21,10.0,88.45520833333335,25.928,991.9865106666666
2026-01-22,9.0,89.34854166666668,24.076,987.7887980625001
2026-01-23,9.0,84.435,25.928,986.6247265000001
2026-01-24,10.0,79.80520833333334,27.78,993.3340116875
2026-01-25,8.0,91.23270833333333,20.372,994.0536195625
2026-01-26,6.0,87.62958333333334,27.78,1000.42426575
2026-01-27,10.0,86.47416666666668,37.04,986.9704204791666
2026-01-28,10.0,89.27749999999999,12.964,994.1171143750001
2026-01-29,7.0,90.75333333333333,29.632,996.4664224375
2026-01-30,11.0,88.16875,29.632,988.8611548958334
2026-01-31,11.0,82.14520833333334,16.668,997.1930852916666
2026-02-01,9.0,90.34250000000002,18.52,1000.2337813125
2026-02-02,8.0,89.74520833333334,31.484,996.148948375
2026-02-03,7.0,89.17604166666666,37.04,992.5720739375
2026-02-04,10.0,87.51125,33.336,990.815384125
2026-02-05,8.0,92.33583333333333,31.484,983.2595014375
2026-02-06,12.0,92.495625,24.076,985.7992939375
2026-02-07,11.0,88.48333333333333,18.52,995.5774950625
2026-02-08,11.0,87.54625,14.816,1003.7048310625
2026-02-09,9.0,89.13854166666668,22.224,999.0908746875001
2026-02-10,12.0,91.76583333333333,16.668,986.7658260833333
2026-02-11,12.0,88.35520833333334,25.928,980.6138842500001
2026-02-12,11.0,90.10833333333333,16.668,983.9226694791668
2026-02-13,8.0,89.06208333333335,27.78,993.2140770416668
2026-02-14,6.0,64.33395833333334,18.52,1014.774093375
2026-02-15,9.0,83.75333333333333,24.076,1002.3996599166667
2026-02-16,10.0,76.66729166666667,40.744,997.630494
2026-02-17,7.0,60.745000000000005,27.78,1013.5818018958333
2026-02-18,6.0,74.66479166666666,42.596000000000004,1002.6536391666667
2026-02-19,7.0,88.30833333333334,24.076,1001.0027740416667
2026-02-20,12.0,80.10083333333334,40.744,1015.366711625
2026-02-21,14.0,84.31708333333334,29.632,1018.4356275625
2026-02-22,14.0,80.598125,27.78,1015.7476805
2026-02-23,13.0,80.474375,29.632,1014.774093375
2026-02-24,16.0,80.21333333333334,24.076,1015.9804948125001
2026-02-25,19.0,78.76604166666667,16.668,1015.366711625
2026-02-26,13.0,78.58854166666667,29.632,1015.4937012500001
2026-02-27,13.0,84.48083333333334,25.928,1009.7438932291667
2026-02-28,11.0,74.16437499999999,31.484,1015.0704025
2026-03-01,13.0,82.47395833333333,22.224,1015.8535051875
2026-03-02,16.0,68.09125,20.372,1015.32438175
2026-03-03,14.0,79.58145833333334,22.224,1025.949180375
2026-03-04,9.0,96.04104166666667,24.076,1024.6581191875
2026-03-05,18.0,77.15145833333334,16.668,1015.790010375
2026-03-06,11.0,89.768125,12.964,1021.2717291875
2026-03-07,9.0,94.39104166666668,18.52,1026.33014925
2026-03-08,9.0,95.19479166666667,20.372,1023.1765735625
2026-03-09,15.0,88.07208333333334,11.112,1018.5202873125
2026-03-10,14.0,78.31666666666666,24.076,1013.8781110208333
2026-03-11,13.0,67.56041666666667,31.484,1010.9785145833333
2026-03-12,12.0,77.39645833333334,42.596000000000004,1010.5622708125001
2026-03-13,12.0,68.155,35.188,999.9798020625
2026-03-14,11.0,63.713125,24.076,1005.2216515833334
2026-03-15,13.0,71.38125000000001,31.484,1011.0631743333333
2026-03-16,12.0,72.53020833333333,27.78,1015.0069076875001
2026-03-17,15.0,72.99354166666667,24.076,1015.6630207500001
2026-03-18,18.0,68.59666666666666,25.928,1020.8695953750001
2026-03-19,16.0,64.74729166666667,24.076,1025.8433556875
2026-03-20,14.0,72.34791666666668,18.52,1022.2876461875
2026-03-21,13.0,75.119375,16.668,1019.1552354375
2026-03-22,13.0,75.84729166666666,11.112,1016.6366078750001
2026-03-23,15.0,71.03541666666666,16.668,1019.7690186250001
2026-03-24,13.0,76.74916666666667,38.892,1011.7686722500001
2026-03-25,9.0,62.20541666666667,35.188,1009.2006598333334
2026-03-26,10.0,54.298750000000005,18.52,1021.546873375
2026-03-27,12.0,76.15833333333333,20.372,1019.38804975
2026-03-28,11.0,56.55708333333333,27.78,1024.8909335
2026-03-29,11.0,70.97391304347826,33.336,1026.8417886086957
2026-03-30,12.0,62.284166666666664,29.632,1023.832686625
2026-03-31,16.0,69.449375,16.668,1029.2509106250002
2026-04-01,14.0,65.87625,14.816,1024.002006125
2026-04-02,12.0,62.255208333333336,18.52,1020.1288225625
2026-04-03,16.0,75.94479166666666,37.04,1012.0297064791666
2026-04-04,15.0,72.32395833333334,33.336,1013.8216711875001
2026-04-05,14.0,52.987500000000004,40.744,1016.0580995833334
2026-04-06,16.0,53.825208333333336,16.668,1026.07617
2026-04-07,18.0,66.70291666666667,33.336,1023.1342436875001
2026-04-08,26.0,59.13270833333333,14.816,1021.6950279375001
2026-04-09,22.0,59.462291666666665,37.04,1017.652524875
2026-04-10,14.0,50.47083333333333,27.78,1018.2663080625001
2026-04-11,14.0,57.030833333333334,35.188,1006.4915478333334
2026-04-12,15.0,60.96479166666666,29.632,1010.5058309791667
2026-04-13,13.0,73.16916666666667,18.52,1013.4830321875
2026-04-14,17.0,65.05,22.224,1017.4620404375
2026-04-15,17.0,74.50895833333333,33.336,1015.7265155625
2026-04-16,18.0,69.28354166666666,27.78,1018.4779574375001
2026-04-17,18.0,67.60875,22.224,1019.430379625
2026-04-18,16.0,61.35791666666666,18.52,1021.4833785625
2026-04-19,15.0,55.68979166666667,22.224,1025.0179231250002
2026-04-20,13.0,68.19041666666666,24.076,1024.1501606875001
2026-04-21,14.0,65.43933333333334,37.04,1025.1279808
2026-04-22,15.0,61.687083333333334,37.04,1026.2243245625
2026-04-23,18.0,72.08520833333334,25.928,1029.5260548125
2026-04-24,18.0,61.646458333333335,25.928,1025.610541375
2026-04-25,21.0,57.177708333333335,18.52,1021.6950279375001
2026-04-26,17.0,70.3625,22.224,1024.8274386875
2026-04-27,21.0,62.62708333333333,18.52,1023.748026875
2026-04-28,16.0,65.00125,27.78,1024.12899575
2026-04-29,16.0,55.37770833333334,48.152,1023.832686625
2026-04-30,19.0,52.43291666666667,38.892,1022.1818215
2026-05-01,24.0,54.39208333333334,18.52,1019.7478536875
2026-05-02,23.0,69.00520833333333,24.076,1015.2397220000001
2026-05-03,20.0,67.83979166666667,18.52,1009.4334741458333
2026-05-04,15.0,81.42145833333333,16.668,1013.334877625
2026-05-05,16.0,70.08874999999999,20.372,1012.44595025
2026-05-06,13.0,67.80708333333334,20.372,1013.1020633125
2026-05-07,14.0,71.341875,22.224,1015.8535051875
2026-05-08,18.0,67.99729166666667,22.224,1016.7424325625001
2026-05-09,20.0,60.544375,29.632,1017.5043703125001
2026-05-10,13.0,68.56083333333333,27.78,1016.3191338125001
2026-05-11,12.0,65.0775,16.668,1012.1214212083333
2026-05-12,17.0,57.73666666666667,25.928,1013.4265923541667
2026-05-13,13.0,67.80895833333334,29.632,1003.1968725625001
2026-05-14,12.0,75.10229166666667,20.372,1001.7153269375
2026-05-15,14.0,59.40297872340425,20.372,1006.5936198723405
2026-05-16,15.0,64.963125,24.076,1008.0859731249999
2026-05-17,18.0,67.02666666666667,24.076,1009.5604637708334
2026-05-18,16.0,65.15416666666667,25.928,1011.7898371875
2026-05-19,18.0,75.97895833333332,29.632,1009.0525052708334
2026-05-20,20.0,66.21208333333333,31.484,1017.3985456250001
2026-05-21,24.0,63.43333333333334,20.372,1025.7586959375
2026-05-22,28.0,54.859583333333326,20.372,1024.6581191875
2026-05-23,30.0,57.02729166666666,18.52,1025.8010258125
2026-05-24,30.0,65.87395833333333,24.076,1030.097508125
2026-05-25,31.0,60.70854166666667,25.928,1030.39381725
2026-05-26,34.0,44.73520833333333,14.816,1026.2243245625
2026-05-27,25.0,65.76083333333334,31.484,1024.97559325
2026-05-28,31.0,58.59770833333334,31.484,1021.038914875
2026-05-29,26.0,47.41104166666667,16.668,1021.2717291875
2026-05-30,27.0,53.27895833333333,24.076,1018.6896068125001
2026-05-31,24.0,50.85375,24.076,1015.7476805
2026-06-01,23.0,64.623125,24.076,1013.8216711875001
2026-06-02,19.0,83.7775,27.78,1004.1281298125
2026-06-03,19.0,78.61895833333334,37.04,1002.329110125
2026-06-04,19.0,68.18229166666667,33.336,997.969133
2026-06-05,19.0,63.71791666666667,25.928,1010.4000062916667
2026-06-06,17.0,81.99875,33.336,1007.9448735416668
2026-06-07,19.0,66.839375,25.928,1018.626112
2026-06-08,16.0,77.61583333333333,27.78,1013.5676919375001
2026-06-09,19.0,59.229166666666664,33.336,1013.9909906875
2026-06-10,17.0,70.94354166666666,22.224,1016.382628625
2026-06-11,17.0,85.89916666666666,25.928,1018.2663080625001
2026-06-12,23.0,71.6059090909091,35.188,1018.7338607727273
